model,epoch,acc,tss,hss,mcc,f1,precision,recall,TP,FN,TN,FP,auc_roc,auc_pr,val_acc,val_tss,val_hss,val_mcc,val_f1,val_precision,val_recall,val_TP,val_FN,val_TN,val_FP,val_auc_roc,val_auc_pr,num_train_inst,far,loss,val_far,val_loss,epoch_epc,acc_epc,tss_epc,hss_epc,mcc_epc,f1_epc,precision_epc,recall_epc,TP_epc,FN_epc,TN_epc,FP_epc,auc_roc_epc,auc_pr_epc,val_acc_epc,val_tss_epc,val_hss_epc,val_mcc_epc,val_f1_epc,val_precision_epc,val_recall_epc,val_TP_epc,val_FN_epc,val_TN_epc,val_FP_epc,val_auc_roc_epc,val_auc_pr_epc,num_train_inst_epc,far_epc,loss_epc,val_far_epc,val_loss_epc,epoch_std,loss_std,acc_std,tss_std,hss_std,mcc_std,f1_std,precision_std,recall_std,TP_std,FN_std,TN_std,FP_std,auc_roc_std,auc_pr_std,val_loss_std,val_acc_std,val_tss_std,val_hss_std,val_mcc_std,val_f1_std,val_precision_std,val_recall_std,val_TP_std,val_FN_std,val_TN_std,val_FP_std,val_auc_roc_std,val_auc_pr_std,far_std,val_far_std,num_train_inst_std,epoch_min,loss_min,acc_min,tss_min,hss_min,mcc_min,f1_min,precision_min,recall_min,TP_min,FN_min,TN_min,FP_min,auc_roc_min,auc_pr_min,val_loss_min,val_acc_min,val_tss_min,val_hss_min,val_mcc_min,val_f1_min,val_precision_min,val_recall_min,val_TP_min,val_FN_min,val_TN_min,val_FP_min,val_auc_roc_min,val_auc_pr_min,far_min,val_far_min,num_train_inst_min,epoch_max,loss_max,acc_max,tss_max,hss_max,mcc_max,f1_max,precision_max,recall_max,TP_max,FN_max,TN_max,FP_max,auc_roc_max,auc_pr_max,val_loss_max,val_acc_max,val_tss_max,val_hss_max,val_mcc_max,val_f1_max,val_precision_max,val_recall_max,val_TP_max,val_FN_max,val_TN_max,val_FP_max,val_auc_roc_max,val_auc_pr_max,far_max,val_far_max,num_train_inst_max
C+_mpf_Persistent_24,9.0,0.8796571612358093,0.7581346750259399,0.7588065505027771,0.7590787291526795,0.8851319551467896,0.8744910359382629,0.8960608005523681,6878.2,830.6,6137.8,1007.8,0.8796571373939515,0.851649808883667,0.85225430727005,0.7027719497680665,0.7030075311660766,0.703522789478302,0.8620337963104248,0.8598069787025452,0.8648496270179749,920.2,143.8,783.6,151.6,0.8522542834281921,0.821265435218811,132576.0,0.125508964061737,1.8457114934921264,0.14019302129745478,2.2659880399703978,9,1,1,1,1,1,1,1,0,0,0,0,1,1,0,0,0,0,0,0,0,0,0,0,0,0,0,9,1,7,0,0,0.0,0.11116183589051158,0.0072479139418700975,0.014712716043339282,0.0145728052023048,0.014494789736292773,0.006628017210031819,0.009050244448907698,0.00516352057002514,351.93772176338246,88.17845541854314,331.6958848101676,109.0199981654742,0.007247903394275338,0.008430695898265339,0.6037023930776667,0.03936227921820979,0.0805741584857388,0.0797429261907624,0.07909411081415196,0.034838643732259936,0.04395534268795999,0.0302240277191346,32.158358167045776,32.15835816704578,53.331416632225334,53.7497906972669,0.03936226384458055,0.04347507156119597,0.009050244448907717,0.04395534268795998,54.62600113499065,9.0,1.644708514213562,0.8729644417762756,0.7447777986526489,0.7454037666320801,0.7456189393997192,0.8786634802818298,0.8664688467979431,0.8888403177261353,6178.0,671.0,5501.0,889.0,0.8729643821716309,0.843887209892273,1.7407588958740234,0.7820000052452087,0.5571942329406738,0.5600013136863708,0.5617443323135376,0.8023571968078613,0.774956226348877,0.826127827167511,879.0,106.0,679.0,108.0,0.7820000052452087,0.7442718148231506,0.1080651879310607,0.1025640964508056,132490.0,9.0,1.948358416557312,0.8927628397941589,0.7848689556121826,0.7851840257644653,0.7852372527122498,0.896916925907135,0.8919348120689392,0.902029514312744,7090.0,942.0,6444.0,1179.0,0.8927627801895142,0.8669143319129944,3.3434841632843018,0.8865000009536743,0.772773265838623,0.77222740650177,0.7722744345664978,0.8936567306518555,0.8974359035491943,0.9003759622573853,958.0,185.0,828.0,257.0,0.8865000009536743,0.8595781326293945,0.1335311532020568,0.225043773651123,132640.0
M+_mpf_Persistent_24,9.0,0.8331239104270936,0.4960794448852539,0.53826425075531,0.5478385210037231,0.6446354746818542,0.7658438086509705,0.564271354675293,2332.4,1786.0,10376.4,759.6,0.8331239223480225,0.7990158081054688,0.8580410838127136,0.4637794017791748,0.4606668770313263,0.4617702603340149,0.5444559812545776,0.5436447858810425,0.5490322530269622,170.2,139.8,1545.2,144.0,0.8580410838127136,0.8269248008728027,132576.0,0.23415619134902954,2.620501089096069,0.4563552141189575,2.1772358655929565,9,0,0,0,0,0,1,0,0,0,0,0,0,0,0,0,0,0,0,0,0,0,0,0,0,0,0,9,1,7,0,4,0.0,0.04625751114447755,0.0036203050866146806,0.03152858890792569,0.02891910126943794,0.028673755294217684,0.030052250283320002,0.006677046214227635,0.03115141304614771,302.4265861328994,49.165028221287535,275.30826358829114,43.27401067615527,0.0036203177912034787,0.003986790861799264,0.17137422938866603,0.011173838481259234,0.05186195265284636,0.04043540515505303,0.040073117696291835,0.035890404790783786,0.034658367351103815,0.05721238229019275,17.73583942191629,17.73583942191629,25.095019426172996,24.42949037536395,0.011173831232458879,0.012654150002644223,0.006677046214227624,0.034658367351103836,54.62600113499065,9.0,2.5762526988983154,0.8273352980613708,0.464754581451416,0.5090134143829346,0.5193700790405273,0.6170398592948914,0.7578003406524658,0.534239649772644,2122.0,1720.0,9830.0,703.0,0.8273352980613708,0.7926491498947144,1.9171353578567505,0.8410000205039978,0.4043710231781006,0.4262620508670807,0.4276115894317627,0.5113043189048767,0.4887005686759949,0.4741935431957245,147.0,113.0,1509.0,118.0,0.8410000205039978,0.8077254891395569,0.222741425037384,0.4101796150207519,132490.0,9.0,2.706747770309448,0.8369821906089783,0.5549421310424805,0.5924496650695801,0.6019598841667175,0.7021327614784241,0.777258574962616,0.621684730052948,2930.0,1850.0,10569.0,823.0,0.836982250213623,0.8032687902450562,2.438596248626709,0.875,0.5544188022613525,0.5374310612678528,0.5379617214202881,0.611801266670227,0.589820384979248,0.6354838609695435,197.0,163.0,1572.0,181.0,0.875,0.846232533454895,0.2421996593475341,0.5112994313240051,132640.0
M+_mpf_jpg_PTx8_RtdXall_LowC2_AW6e6D1e3_blos_24,14.0,0.9292450904846191,0.8881094455718994,0.8346243381500245,0.8425025820732117,0.8850678443908692,0.8086927771568299,0.9941399455070495,3718.4,170.0,8536.8,9426.4,0.9554092168807984,0.9465527534484863,0.8102490186691285,0.5052597045898437,0.37855152487754823,0.40469292998313905,0.4989787518978119,0.42321963906288146,0.996731972694397,304.2,126.4,1406.6,1638.2,0.8256188631057739,0.7576366782188415,198864.0,0.1913072228431701,0.20023369789123535,0.5767803609371185,0.6725526094436646,14,14,14,14,14,14,14,1,0,6,14,0,14,14,14,7,13,9,9,14,0,0,14,14,0,14,14,14,14,14,14,4,0.0,0.013029153755157298,0.006241604249912991,0.010696510747195801,0.013524097499381747,0.012526433912806353,0.008945102457812147,0.01329599217833814,0.0023662007002246124,87.46793698264524,12.049896265113654,123.4753416678812,176.16878270567688,0.004694562133936212,0.0053090805057775135,0.04658434048763934,0.012790092014456965,0.03484598581885198,0.03982581527335892,0.01814052437678304,0.015324882636937211,0.020817938246789455,0.0035682565368962012,0.7483314773547882,4.543126676640219,53.8538763693014,43.406911892001716,0.019604051311535715,0.024524652665162714,0.013295992178338144,0.020817938246789455,81.93900170248598,14.0,0.1809062212705612,0.9194506406784058,0.8692834377288818,0.8129225969314575,0.821843147277832,0.8705036044120789,0.7901373505592346,0.9894998669624328,3606.0,149.0,8408.0,9204.0,0.9503782987594604,0.9414576292037964,0.6353881359100342,0.7922008633613586,0.4689152240753174,0.3206405937671661,0.3818575441837311,0.4812361896038055,0.3931034505367279,0.990227997303009,303.0,119.0,1304.0,1553.0,0.7955818772315979,0.7213262319564819,0.1733832955360412,0.552238792181015,198735.0,14.0,0.2192083746194839,0.9366326332092284,0.8993220329284668,0.8497658371925354,0.8556761145591736,0.8946367502212524,0.8266167044639587,0.9961336851119996,3796.0,186.0,8755.0,9689.0,0.9612270593643188,0.9533164501190186,0.7629675269126892,0.8243927359580994,0.561312198638916,0.4166258573532104,0.4299026727676391,0.523809552192688,0.447761207818985,1.0,305.0,133.0,1449.0,1671.0,0.8501446843147278,0.7860383987426758,0.2098626494407653,0.6068965494632721,198960.0
M+_mpf_png_PTx8_RtdXall_LowC2_AW1e5D1e4_0193x0211x0094_24,14.0,0.976182222366333,0.963463306427002,0.9417913794517517,0.9430052995681762,0.9584540128707886,0.9252945423126221,0.9941295027732849,3645.6,117.6,9088.4,9335.4,0.9900842666625976,0.9873972415924073,0.8200071334838868,0.5437788724899292,0.38565455079078675,0.41597688794136045,0.505640858411789,0.4325709164142609,0.990753996372223,300.6,166.4,1462.8,1451.2,0.847864854335785,0.7857254981994629,198864.0,0.0747054576873779,0.07367806509137148,0.5674290835857392,0.6326393246650696,14,14,14,14,14,14,14,14,0,4,14,0,14,14,14,4,6,4,6,14,0,0,14,14,0,14,14,14,14,14,14,6,0.0,0.007881813196029605,0.003195020721128781,0.0047970728475708515,0.007654451378206728,0.0073466219407460915,0.005399144734980531,0.009623650985868351,0.0011643878523352053,74.07455703546258,14.8,25.048752463945185,121.20165015378298,0.0019310129919278647,0.002448598326442635,0.06475772302159426,0.02166324071193402,0.04987117903496551,0.050918749842547927,0.04222062828106203,0.040188375693343326,0.06275523510245076,0.008224307255289666,3.8262252939417984,37.398395687515794,71.317319074682,101.46013995653662,0.029480094236654653,0.036851812814510186,0.009623650985868369,0.06275523510245076,81.93900170248598,14.0,0.060490746051073,0.9728022217750548,0.9581505060195924,0.9338294863700868,0.9354410171508788,0.9529019594192504,0.9147028923034668,0.9921568632125854,3565.0,101.0,9055.0,9179.0,0.9881227016448976,0.984733819961548,0.5446053743362427,0.7929085493087769,0.478029727935791,0.3024013936519623,0.3580743670463562,0.4345616400241852,0.3526971042156219,0.9767441749572754,294.0,108.0,1348.0,1277.0,0.8028775453567505,0.7292421460151672,0.0593692064285278,0.4912280440330505,198735.0,14.0,0.0842605158686637,0.981040060520172,0.970165491104126,0.9534065127372742,0.954117715358734,0.9666348695755004,0.9406307935714722,0.9958018660545348,3770.0,143.0,9128.0,9492.0,0.9936831593513488,0.9918739199638368,0.730985701084137,0.8475267887115479,0.588814377784729,0.4432544410228729,0.4760729372501373,0.5416079163551331,0.5087719559669495,1.0,305.0,220.0,1550.0,1543.0,0.8790361285209656,0.8224475979804993,0.0852971076965332,0.647302895784378,198960.0
C+_mpf_jpg_PTx8_RtdXall_ProgPos_AW1e5D1e4_0193x0211x0094_24,14.0,0.9759956121444702,0.951731538772583,0.9519301652908325,0.9519565224647522,0.9768248677253724,0.973798954486847,0.9902226686477661,7420.8,322.4,6090.0,6377.0,0.9935566782951355,0.993187153339386,0.8286903381347657,0.6491486310958863,0.6530925929546356,0.6629471063613892,0.8488630414009094,0.8384048581123352,0.9984585762023925,1033.8,163.4,737.8,897.8,0.8819193482398987,0.8695604920387268,198864.0,0.02620104551315302,0.02639998793601986,0.16159514188766477,0.5080263495445252,14,14,14,14,14,14,14,1,0,6,14,0,14,14,13,12,13,6,13,12,0,0,12,12,0,12,6,14,14,14,12,4,0.0,0.0019622394357555733,0.002822896472481587,0.005710800889154151,0.005654565170486132,0.0056488408429382995,0.0027150263612404383,0.0038522914174732937,0.0022587867549374724,323.2060642995425,27.59420228961149,22.733235581412515,140.70820871576754,0.0009615151696015825,0.001049009925186198,0.1013348833053433,0.058425639558941096,0.11297836019524941,0.1204402437836182,0.10433067028022398,0.04460910497352623,0.07076892686189382,0.0026277772279784525,4.621688003316537,66.27397679330855,94.77003745910413,29.4713420121989,0.05912804174263424,0.07742125404119916,0.003852291417473295,0.07076892686189383,81.93900170248598,14.0,0.0225271712988615,0.973033368587494,0.9458248615264891,0.945994198322296,0.9460071325302124,0.9739893078804016,0.9714285731315612,0.9867382049560548,6778.0,284.0,6063.0,6233.0,0.9924839735031128,0.9918994903564452,0.4160787761211395,0.7241379022598267,0.4538487195968628,0.4364477097988128,0.4697893857955932,0.7731443047523499,0.7033831477165222,0.9932562708854676,1028.0,74.0,554.0,845.0,0.768156111240387,0.7176076173782349,0.0185545682907104,0.1013985872268676,198735.0,14.0,0.0278201978653669,0.9812722206115724,0.9624714851379396,0.9625014662742616,0.96250182390213,0.9818862080574036,0.9814454317092896,0.9934171438217164,7644.0,361.0,6121.0,6623.0,0.9953214526176452,0.995014190673828,0.6788551211357117,0.8892339468002319,0.7738502025604248,0.7765397429466248,0.7790432572364807,0.899056613445282,0.8986014127731323,1.0,1041.0,267.0,819.0,928.0,0.9316784739494324,0.92494136095047,0.0285714268684387,0.2966168522834778,198960.0
C+_mpf_jpg_PTx8_RtdXall_ProgPos_AW1e5D1e4_blos_24,14.0,0.9649625301361084,0.929594874382019,0.9297861099243164,0.9298133611679077,0.9664490818977356,0.964201831817627,0.989359438419342,7465.2,399.6,5983.6,6312.4,0.9891480565071106,0.9888518691062927,0.8126375913619995,0.6240208625793457,0.6233723878860473,0.6293622076511383,0.8299076557159424,0.8471482038497925,0.9977000236511231,1043.4,237.0,758.0,874.4,0.8806092858314514,0.8712875366210937,198864.0,0.03579816818237298,0.035926724225282626,0.15285179615020747,0.4961065113544464,14,14,14,14,14,14,14,1,0,5,14,0,14,14,9,9,9,4,4,10,0,0,10,10,0,8,6,14,14,14,10,6,0.0,0.0039906126978392405,0.005901450632049875,0.012043893625003205,0.011847625727319427,0.011818998678865466,0.005541009776965203,0.007896643593625133,0.002837479596703357,275.9089704957053,45.87199581443999,80.69349416154935,119.08081289611688,0.0023737635828150853,0.0023437099295036895,0.08610541318765969,0.04458559190337556,0.09268372294195804,0.09036197435421225,0.08386543839962395,0.035278735989870115,0.06035838560899343,0.003673212850847156,9.393614852653903,91.26883367283708,66.95670242776298,46.452556442030186,0.045168072201417775,0.04675461487738541,0.007896643593625073,0.06035838560899342,81.93900170248598,14.0,0.0320863164961338,0.9539387226104736,0.9070988893508912,0.9076452255249025,0.907731294631958,0.9561577439308168,0.9499489068984984,0.9846539497375488,6918.0,340.0,5854.0,6194.0,0.984516441822052,0.9842543601989746,0.3455463349819183,0.7389761805534363,0.470745325088501,0.4733722805976867,0.4930669963359833,0.7851790189743042,0.742935299873352,0.9904030561447144,1032.0,116.0,649.0,810.0,0.8043834567070007,0.7984235882759094,0.0270190238952636,0.0833333134651184,198735.0,14.0,0.0436395592987537,0.9704155921936036,0.9405393600463868,0.9407094717025756,0.9407176971435548,0.9716988205909728,0.9729809761047364,0.992299735546112,7662.0,457.0,6097.0,6540.0,0.9911608695983888,0.990628719329834,0.5948973298072815,0.8664529919624329,0.7413620948791504,0.7330814599990845,0.7338638305664062,0.8748748898506165,0.9166666865348816,1.0,1053.0,354.0,836.0,927.0,0.9395806193351746,0.9420965909957886,0.0500510931015014,0.2570647001266479,198960.0
C+_mpf_png_PTx8_RtdXall_ProgPos_AW1e5D1e4_0193x0211x0094_24,14.0,0.978450882434845,0.9566564083099365,0.9568471312522888,0.9568687677383423,0.9791930317878723,0.976318633556366,0.9892603397369385,7078.6,326.0,6107.0,6301.8,0.9945138096809387,0.9940983533859253,0.8332769513130188,0.6594105005264282,0.6626524686813354,0.6709941923618317,0.853445315361023,0.8419526219367981,1.0,1035.4,160.8,738.4,913.8,0.888767945766449,0.8790762424468994,198864.0,0.023681366443634003,0.02416410185396668,0.15804737806320185,0.5017314672470092,14,14,14,14,14,14,14,1,0,6,14,0,14,14,8,8,8,8,11,10,0,0,10,10,0,7,7,14,14,14,10,5,0.0,0.002052730643537166,0.0028900178497955923,0.005850091961993341,0.005790782317671994,0.005779860124054583,0.0027683131722451198,0.003743004684610124,0.0022296978584773254,447.45931658643565,29.10670025956223,22.289010745208053,194.16014009059634,0.0007770508203997329,0.0008600446320481472,0.15174850370010132,0.05464803294727566,0.11557378136428358,0.11306787925481915,0.10278155776604508,0.04217321188888263,0.07712873057313863,0.0,4.715930449020639,72.8955417018078,107.41806179595683,12.12270596855339,0.06311349203827005,0.07186228154706116,0.0037430046846101844,0.07712873057313864,81.93900170248598,14.0,0.0219957511872053,0.9739579558372498,0.947528600692749,0.9478380680084229,0.9478814601898192,0.9749332666397096,0.9704709649086,0.985637366771698,6658.0,301.0,6068.0,6050.0,0.9931188225746156,0.9925938844680786,0.3352492749691009,0.7352941036224365,0.4497544765472412,0.4585500955581665,0.4896279871463775,0.7824000120162964,0.6978527903556824,1.0,1028.0,79.0,537.0,895.0,0.7668479681015015,0.7390861511230469,0.0192853808403015,0.0918865799903869,198735.0,14.0,0.0274478625506162,0.9820613861083984,0.963903307914734,0.9640781879425048,0.9640932679176332,0.9826736450195312,0.9807146191596984,0.9922515153884888,7650.0,383.0,6131.0,6633.0,0.995435357093811,0.9951705932617188,0.7748097777366638,0.8985507488250732,0.7943023443222046,0.7957725524902344,0.7960647344589233,0.911163866519928,0.908113420009613,1.0,1041.0,271.0,830.0,929.0,0.9498366117477416,0.944800615310669,0.0295290350914001,0.3021472096443176,198960.0
M+_mpf_jpg_PTx8_RtdXall_EquiM_AW1e5D1e4_0193x0211x0094_24,14.0,0.9848230004310607,0.9653400897979736,0.9621634602546691,0.962191367149353,0.9726682186126709,0.967534852027893,0.9818866610527038,3674.4,450.2,9258.6,9350.0,0.9962535858154297,0.9954245805740356,0.8423972249031066,0.5537776231765748,0.42824220657348633,0.4426333665847778,0.5326629757881165,0.5094576954841614,0.9266425967216492,281.0,168.8,1506.2,1409.6,0.8989355087280273,0.8722306370735169,198864.0,0.03246514797210688,0.14002905339002605,0.49054230451583863,0.5097329437732696,14,14,14,14,14,14,14,1,0,4,14,0,14,14,10,5,4,5,4,2,0,0,13,10,0,2,2,14,14,14,2,4,0.0,0.013020173595984336,0.0018301948645645944,0.004026171710016282,0.004572737121277893,0.004562560959495886,0.003307983772077073,0.004373547501643432,0.0023896657017687247,61.72714151813609,19.374209661299734,22.606193841511665,66.63632642935833,0.0007973884397349088,0.0008469277560158779,0.02520272387272711,0.007921477926423295,0.04986558227129172,0.04752950566274146,0.038350527811408366,0.0398125781554801,0.051492838261407305,0.10962973953341885,32.18695387886216,30.60326779937071,46.38706716316521,258.3064846263059,0.035717712470469384,0.05210836076808465,0.004373547501643378,0.051492838261407305,81.93900170248598,14.0,0.115675650537014,0.9826026558876038,0.9607341289520264,0.95667827129364,0.9567208290100098,0.9687283039093018,0.9621756076812744,0.978151261806488,3558.0,420.0,9223.0,9233.0,0.9951612949371338,0.9942793846130372,0.471291184425354,0.8328157067298889,0.4977259635925293,0.3652310669422149,0.3957972824573517,0.4803256392478943,0.4458077847957611,0.7147541046142578,218.0,117.0,1459.0,966.0,0.8358230590820312,0.7838123440742493,0.0276243090629577,0.4010416865348816,198735.0,14.0,0.1523825973272323,0.9873397946357728,0.971470594406128,0.9684669971466064,0.9684902429580688,0.9772348403930664,0.9723756909370422,0.9854341745376588,3723.0,476.0,9284.0,9439.0,0.9975868463516236,0.996790051460266,0.5332472920417786,0.8551759123802185,0.6316444873809814,0.4829192161560058,0.4949795007705688,0.5769230723381042,0.5989583134651184,1.0,302.0,209.0,1592.0,1621.0,0.9317848086357116,0.9176071882247924,0.0378243923187255,0.5541922152042389,198960.0
C+_mpf_jpg_PTx8_RtdXall_ProgPos_AW4e6D4e3_blos_24,14.0,0.9094646215438843,0.8157123565673828,0.8180870056152344,0.8201801419258118,0.9159266948699951,0.8869186520576477,0.9954165697097779,7332.0,375.0,5409.6,6391.2,0.9493246912956238,0.9493420600891114,0.8111780762672425,0.6158960819244385,0.618420147895813,0.625416386127472,0.8323745489120483,0.8106280922889709,0.9959711790084839,1041.6,162.8,693.4,909.6,0.8662295341491699,0.8572613596916199,198864.0,0.11308134794235229,0.07921387851238247,0.18937190771102902,0.5302208602428437,14,14,14,14,14,14,14,1,0,13,14,0,14,14,13,13,13,13,7,12,0,0,11,12,0,12,12,14,14,14,12,7,0.0,0.00365200184660073,0.008675363472798734,0.01753011674850879,0.01742223385305175,0.016946557286815857,0.007928050353867497,0.011364831727137627,0.0016043084243900956,414.59281228694744,35.805027579936315,67.91936395461902,172.16434009399273,0.005635108295657911,0.0056488388133876235,0.07320248962365451,0.04034489950399985,0.08505208303181572,0.08235291019983318,0.08103450512641558,0.03664064973287869,0.06206084231543156,0.0042239369148788335,10.44222198576529,62.4128191960594,83.76299899120136,34.897564384925204,0.046323466374090204,0.0517197669231453,0.011364831727137618,0.06206084231543157,81.93900170248598,14.0,0.0739510729908943,0.8972853422164917,0.791588306427002,0.7937719225883484,0.7964683175086975,0.9044070839881896,0.8712059259414673,0.9928920269012452,6755.0,333.0,5328.0,6144.0,0.9409549832344056,0.9409029483795166,0.4407448172569275,0.7470856308937073,0.4825533628463745,0.4874334931373596,0.4955047965049743,0.7807443141937256,0.7065637111663818,0.9904761910438538,1023.0,69.0,551.0,840.0,0.7874832153320312,0.7687376737594604,0.0955127477645874,0.1173664331436157,198735.0,14.0,0.0844938680529594,0.9218437075614928,0.841123104095459,0.8430424928665161,0.8442401885986328,0.9269136786460876,0.9044872522354126,0.9974867105484008,7729.0,441.0,5530.0,6673.0,0.9566986560821532,0.956695318222046,0.6598662734031677,0.8712607026100159,0.7443244457244873,0.7409601807594299,0.7416807413101196,0.8922072052955627,0.8826335668563843,1.0,1052.0,259.0,794.0,931.0,0.9303609728813172,0.9276002645492554,0.1287940740585327,0.2934362888336181,198960.0
M+_mpf_jpg_PTx8_RtdXall_EquiM_AW1e5D1e4_blos_24,14.0,0.9824690818786621,0.9573298692703247,0.9564286828041076,0.9564468145370484,0.9685864925384522,0.9671331286430359,0.9700778722763062,3703.6,556.4,9248.6,9273.0,0.9954434275627136,0.9948761224746704,0.8399582147598267,0.41907672882080077,0.390303248167038,0.3958301365375519,0.4896889805793762,0.48737527132034303,0.7405898079276085,225.8,187.2,1517.8,1089.6,0.8805590510368347,0.8299901604652404,198864.0,0.032866871356964054,0.17037128508090973,0.512624728679657,0.5031961083412171,14,14,14,14,14,14,14,14,0,3,14,0,14,14,5,1,3,3,3,5,0,0,13,13,0,5,5,14,14,14,5,5,0.0,0.00488750566969126,0.0012886886140563863,0.0014530332702981832,0.0030451234026159803,0.003023881823162014,0.002124855522900903,0.005963206208696102,0.002374409727033116,59.76821897965507,16.0822883943797,66.88676999227874,128.87823710774444,0.00047060496994825605,0.0007013871642391728,0.023217828457392366,0.011045360186297537,0.0923120245976595,0.03812470056637688,0.038219894637735244,0.036245818272920415,0.030409802377714467,0.34124666388305464,103.86029077563764,11.443775600735973,54.905008878972055,643.2892351034642,0.010323896568529875,0.01602549510959289,0.005963206208696184,0.03040980237771447,81.93900170248598,14.0,0.1633778214454651,0.9799351692199708,0.955247163772583,0.9504266381263732,0.9504888653755188,0.9643933176994324,0.9565335512161256,0.9657363891601562,3601.0,539.0,9177.0,9131.0,0.9948390126228333,0.9940264821052552,0.4748410880565643,0.8226495981216431,0.3326200246810913,0.3591528534889221,0.3604954183101654,0.4436090290546417,0.4556451737880707,0.0852458998560905,26.0,168.0,1409.0,27.0,0.8661853671073914,0.8127651214599609,0.0253764390945434,0.4633204340934753,198735.0,14.0,0.1781714260578155,0.9834002256393432,0.9588868618011476,0.9586620330810548,0.9586814045906068,0.9701595902442932,0.9746235609054564,0.9723833203315736,3771.0,585.0,9375.0,9463.0,0.9960800409317015,0.9957565069198608,0.5418465733528137,0.855628490447998,0.5602192878723145,0.4555987119674682,0.4557392597198486,0.5410627722740173,0.5366795659065247,1.0,305.0,201.0,1558.0,1676.0,0.892597496509552,0.8529373407363892,0.0434664487838745,0.5443548262119293,198960.0
C+_mpf_jpg_PTx8_RtdXall_EquiC_AW1e5D1e4_blos_24,14.0,0.971430504322052,0.9438137292861939,0.942820930480957,0.9431212782859802,0.9722368240356445,0.9842713356018067,0.9764192938804627,7065.0,804.2,6117.0,6087.0,0.9921690106391907,0.9920573353767395,0.8004433393478394,0.6085008382797241,0.6023597061634064,0.6102784872055054,0.8056544780731201,0.9100277066230774,0.7926980972290039,828.0,461.0,843.2,617.0,0.8779251456260682,0.8701550841331482,198864.0,0.0157286643981933,0.23769047856330872,0.08997229337692259,0.4940671741962433,14,14,14,14,14,14,14,0,0,3,14,0,14,14,10,6,6,6,10,2,0,0,1,4,0,6,6,14,14,14,2,5,0.0,0.015619449260854314,0.002254931590863235,0.004477998146554563,0.0045064219253143625,0.004473052792684887,0.0022419303151204775,0.0015667431699809844,0.01567948331243082,392.6835876376806,63.71310697179976,50.36268459881781,70.11989731880674,0.0005079725754227002,0.0005064148719165584,0.054198634486476445,0.04077776821578246,0.09200780558530153,0.09150268705660076,0.0890423344647527,0.04399212173016489,0.06442107231675756,0.36259202992615747,378.4964993233095,176.5661349183359,32.645979844385124,346.76620365889175,0.04146709340260231,0.04077042875352512,0.0015667431699809833,0.06442107231675755,81.93900170248598,14.0,0.217906191945076,0.9691939353942872,0.9394359588623048,0.9383395314216614,0.938667356967926,0.970119059085846,0.982703685760498,0.9526680111885072,6707.0,718.0,6076.0,5978.0,0.9914746284484864,0.9914042353630066,0.4122993648052215,0.7278256416320801,0.443419337272644,0.4373393952846527,0.4509370326995849,0.7321695685386658,0.796839714050293,0.069523811340332,73.0,304.0,803.0,0.0,0.8062371015548706,0.8047829866409302,0.0137836933135986,0.0261437892913818,198735.0,14.0,0.2520641684532165,0.9747314453125,0.950330376625061,0.9494158029556274,0.9496482014656068,0.9755257964134216,0.9862163066864014,0.9938007593154908,7646.0,868.0,6215.0,6184.0,0.9929291605949402,0.9928156137466432,0.578082263469696,0.8381410241127014,0.7083055973052979,0.694915235042572,0.7070295214653015,0.8576496839523315,0.9738562107086182,1.0,1050.0,717.0,896.0,931.0,0.9351047277450562,0.9334821701049804,0.0172963142395019,0.203160285949707,198960.0
M+_mpf_jpg_PTx8_RtdXall_LowC2_AW1e5D1e4_0193x0211x0094_24,14.0,0.9749389171600342,0.9611573696136475,0.9387944102287292,0.9400756597518921,0.9563332796096802,0.9221421360969544,0.993179976940155,3692.0,128.8,9075.8,9368.6,0.9890614867210388,0.9859438180923462,0.8240426421165467,0.5583337545394897,0.40111886858940127,0.4334544241428375,0.5183117508888244,0.45231354236602783,0.9986754894256592,303.0,157.8,1457.4,1562.2,0.847355580329895,0.7843043208122253,198864.0,0.07785786390304562,0.07656658142805095,0.5476864576339722,0.602748590707779,14,14,14,14,14,14,14,14,0,0,14,0,14,14,12,4,6,3,6,12,0,0,13,13,0,13,13,14,14,14,12,8,0.0,0.0047271464190577,0.0023879537894064534,0.003937583264043973,0.0056607434117296246,0.005453509795429539,0.003963529681156241,0.006658404664802659,0.0014720219021997804,68.0205851195063,58.8774999469237,44.71420355994279,126.23882128727278,0.001009854999507769,0.0011510873200113545,0.09090360904665032,0.025472828397019965,0.04541381124396185,0.0489899949825235,0.04461172131589583,0.03670090720078555,0.06419795764233996,0.0016222023624014319,2.6076809620810595,52.927875453299656,66.23171445765239,76.71088579856186,0.02630545668762765,0.035057212971559976,0.006658404664802689,0.06419795764233997,81.93900170248598,14.0,0.0685062110424041,0.9716230034828186,0.9561185836791992,0.930908977985382,0.9325293302536012,0.9507976770401,0.9125064611434937,0.9907923936843872,3559.0,14.0,9020.0,9217.0,0.9881280064582824,0.9847947955131532,0.4736731946468353,0.7865111827850342,0.4773058891296386,0.3305515646934509,0.3569796085357666,0.4613526463508606,0.3489583432674408,0.9966777563095092,300.0,93.0,1355.0,1453.0,0.8075968027114868,0.7333430647850037,0.0667542815208435,0.4602076411247253,198735.0,14.0,0.0813809186220169,0.9789676666259766,0.9676852226257324,0.948314607143402,0.94925457239151,0.9629830718040466,0.9332457184791564,0.994709014892578,3747.0,175.0,9156.0,9559.0,0.9907199144363404,0.9878638982772828,0.7367448806762695,0.8582355976104736,0.6006038188934326,0.4750474393367767,0.4789774417877197,0.5750315189361572,0.5397923588752747,1.0,307.0,224.0,1562.0,1657.0,0.8867897987365723,0.8409805297851562,0.0874935388565063,0.6510416567325592,198960.0
M+_mpf_jpg_PTx8_RtdXall_LowC2_AW1e5D1e4_blos_24,14.0,0.9657918214797974,0.9457882404327392,0.9174711465835571,0.9196032166481019,0.9415754199028015,0.8985933661460876,0.9889369368553161,3738.2,176.8,8964.0,9378.4,0.9848480224609375,0.981209659576416,0.8217452526092529,0.4969871282577515,0.3733778238296509,0.402749103307724,0.49703543782234194,0.44211212992668153,0.7470987200736999,227.8,153.0,1455.4,854.8,0.8433786392211914,0.7788231611251831,198864.0,0.10140663385391233,0.10055988281965253,0.5578878700733185,0.6107648372650146,14,14,14,14,14,14,14,14,0,4,14,0,14,14,13,4,8,6,6,12,2,2,13,13,0,13,13,14,14,14,12,8,0.0,0.006133492779988457,0.003149852346880326,0.004286372827474479,0.007152117344473684,0.006697926756278997,0.004861895096337262,0.009216205341801436,0.001441515076483008,68.61311827923288,20.083824337013105,95.31631549740055,122.04687624023812,0.0022971198142740868,0.0030565839311385693,0.07128883484491576,0.017740034664956394,0.06887420693864081,0.03942830020777145,0.03350344668074452,0.023313241801838976,0.05259754088366012,0.084592193424289,25.230140705116966,17.017637908946117,54.76714343472735,417.74221716268994,0.02168505291950434,0.028054213878783887,0.009216205341801438,0.052597540883660115,81.93900170248598,14.0,0.0893361940979957,0.9617047309875488,0.9409341812133788,0.9082080125808716,0.9110437631607056,0.9352818131446838,0.8860321640968323,0.9861534237861632,3605.0,145.0,8872.0,9210.0,0.9821409583091736,0.9778483510017396,0.4840718507766723,0.7972630262374878,0.4177393913269043,0.3046461939811706,0.3649686574935913,0.4624505937099457,0.3557213842868805,0.6393442749977112,195.0,126.0,1355.0,164.0,0.8182842135429382,0.7480758428573608,0.0865237116813659,0.4856114983558655,198735.0,14.0,0.1061180159449577,0.971230149269104,0.9537609815597534,0.9298225045204164,0.9312854409217834,0.949966847896576,0.913476288318634,0.990328848361969,3791.0,205.0,9148.0,9591.0,0.9889662861824036,0.98666912317276,0.6906425952911377,0.8409894108772278,0.592860221862793,0.409788966178894,0.4491273760795593,0.5219573378562927,0.5143885016441345,0.8651315569877625,263.0,179.0,1517.0,1424.0,0.8725488781929016,0.819465160369873,0.1139678359031677,0.6442786157131195,198960.0
C+_mpf_jpg_PTx8_RtdXall_EquiC_AW1e5D1e4_0193x0211x0094_24,14.0,0.9778926610946655,0.9562193155288696,0.9557601094245911,0.9558674335479737,0.97843017578125,0.9855575919151306,0.981907057762146,7233.8,680.6,6171.2,6266.0,0.9953052043914795,0.9951112151145936,0.8389398574829101,0.6771925449371338,0.6767785549163818,0.6797828435897827,0.8515908360481262,0.8744552254676818,0.9988439321517945,1034.2,299.8,789.0,907.4,0.9042742490768433,0.9001935720443726,198864.0,0.014442408084869341,0.1924414962530136,0.1255447745323181,0.45039970278739927,14,14,14,14,14,14,14,0,0,4,14,0,14,14,6,6,6,6,5,3,0,0,1,3,0,3,3,14,14,14,3,6,0.0,0.012350062964668033,0.0025833776596555537,0.005181625217623298,0.0051666642578767265,0.005163280759337,0.0025500132866819567,0.0026513755598537437,0.006726673190089478,438.76298841173923,52.163588833591575,16.14187101918486,167.4359579062992,0.000367908692590385,0.00036877110081557474,0.15528799838349827,0.05845141989730758,0.11790279998788497,0.11786303697206535,0.11795972728642028,0.04310573438304419,0.0778788899588092,0.0018680822738509207,4.445222154178574,275.09881860887737,78.74515858133756,17.31588865753069,0.04959845038665359,0.056030744123644165,0.0026513755598537563,0.0778788899588092,81.93900170248598,14.0,0.1737781465053558,0.9746533036231996,0.9498006105422974,0.9492886662483216,0.9494430422782898,0.975171685218811,0.982424259185791,0.9711951613426208,6623.0,609.0,6151.0,6047.0,0.9947882294654846,0.9946721196174622,0.3138833343982696,0.7358012199401855,0.4650158882141113,0.4673232436180115,0.4691830277442932,0.7734627723693848,0.7408792972564697,0.9951830506324768,1028.0,34.0,654.0,882.0,0.8102074861526489,0.7929007411003113,0.0101963281631469,0.0462633371353149,198735.0,14.0,0.2106567770242691,0.981427013874054,0.9633615016937256,0.9628328680992126,0.9629626274108888,0.9818840622901917,0.989803671836853,0.9919125437736512,7609.0,759.0,6190.0,6560.0,0.9959077835083008,0.9957379102706908,0.7522967457771301,0.9037266969680786,0.8041343688964844,0.8060818910598755,0.8065887689590454,0.8988540172576904,0.9537366628646852,1.0,1041.0,710.0,861.0,931.0,0.9470434188842772,0.9480182528495787,0.0175757408142089,0.2591207027435303,198960.0
C+_mpf_pngxhRes_PTx8_RtdXall_EquiC_AW1e5D1e4_0193x0211x0094_24,14.0,0.9796226978302002,0.9595426559448242,0.9592160940170288,0.9592710971832276,0.9801639318466187,0.9851716876029968,0.9799925327301026,7362.2,630.4,6168.2,6206.8,0.9959585785865783,0.9957964420318604,0.840163254737854,0.6759260416030883,0.6773307204246521,0.6856657505035401,0.8552145600318909,0.8716179847717285,0.9697739005088806,1004.0,194.6,784.4,720.6,0.9084978222846984,0.9041658282279968,198864.0,0.01482831239700314,0.18460226655006406,0.12838201522827147,0.46556833386421204,14,14,14,14,14,14,14,0,0,4,14,0,14,14,5,5,5,5,5,3,0,0,3,3,0,3,3,14,14,14,3,3,0.0,0.013276312068887101,0.0022590849390945506,0.004549773567386079,0.004521946296105297,0.004531994808182751,0.0021963292021229966,0.0027743761279054742,0.010657841944644185,377.04556753793037,56.75420689252912,17.19767426136453,171.58135096798836,0.0002769135559904841,0.00028260949064585507,0.09410536510747196,0.056842317339126265,0.12064013836307445,0.11759831422569064,0.10621579580032783,0.043191859322790405,0.07236455999247449,0.030012859809959186,27.899820787954894,29.910533261712335,80.6687052084016,186.96908835419828,0.05744140094332626,0.06544070637616732,0.002774376127905473,0.07236455999247447,81.93900170248598,14.0,0.166981965303421,0.9772270917892456,0.9547420740127563,0.9544216394424438,0.9544727802276612,0.977831244468689,0.9827794432640076,0.9602074027061462,6623.0,546.0,6151.0,6039.0,0.995554745197296,0.9953655004501344,0.3924319744110107,0.7368153929710388,0.4525227546691894,0.4615060687065124,0.4938374161720276,0.7859793901443481,0.7333915829658508,0.9219653010368348,957.0,141.0,626.0,404.0,0.7972661256790161,0.7767036557197571,0.0094110369682312,0.0531073212623596,198735.0,14.0,0.1989166736602783,0.9835164546966552,0.9674570560455322,0.967011332511902,0.967103123664856,0.983942687511444,0.9905889630317688,0.9919125437736512,7630.0,699.0,6194.0,6515.0,0.996301293373108,0.9961329698562622,0.6511005759239197,0.9016563296318054,0.8036692142486572,0.8026426434516907,0.8027829527854919,0.9071359038352966,0.9468926787376404,1.0,1028.0,233.0,853.0,918.0,0.9528396129608154,0.953575611114502,0.0172205567359924,0.2666084170341491,198960.0
C+_mpf_jpgxhRes_PTx8_RtdXall_EquiC_AW1e5D1e4_0193x0211x0094_24,14.0,0.9799614667892456,0.9602220058441162,0.9598942756652832,0.9599509239196777,0.9804914474487305,0.9855608940124512,0.9756310820579529,7328.2,610.4,6170.8,6197.2,0.9959939360618592,0.9958795666694641,0.8447868943214416,0.6867327213287353,0.6870729148387908,0.6949310839176178,0.858001959323883,0.8739790439605712,0.9575413942337037,991.4,223.4,794.6,648.8,0.9059568881988526,0.8986076593399048,198864.0,0.014439105987548781,0.18115823566913605,0.12602095603942867,0.44632208943367,14,14,14,14,14,14,14,0,0,4,14,0,14,14,5,5,5,5,5,11,0,0,11,10,0,7,7,14,14,14,11,7,0.0,0.011047266510608385,0.0013127382333881668,0.002620292159064707,0.0026264237851597616,0.002622941727777233,0.0012876378746041345,0.0015972107624798947,0.012272825978374143,355.039941415047,56.10917928467676,17.645396000090223,156.00564092365377,0.00045221794808887307,0.0004759465358097965,0.19777308300151294,0.058395480089303016,0.12400178803022603,0.12065647654869026,0.11009731055405417,0.044747493870676176,0.07676836702420863,0.017495487511359206,16.523922052587878,90.12125165575542,44.08446438372593,79.01999746899514,0.06226860599599214,0.07172307621485559,0.001597210762479897,0.07676836702420861,81.93900170248598,14.0,0.1666825264692306,0.9785807728767396,0.957406520843506,0.9571242928504944,0.9571600556373596,0.9792009592056274,0.9833208322525024,0.95592999458313,6633.0,524.0,6155.0,6053.0,0.995443880558014,0.9952833652496338,0.2821599245071411,0.7388437986373901,0.4573867321014404,0.4660889208316803,0.4958214461803436,0.7863956689834595,0.7292817831039429,0.9356387853622437,974.0,104.0,711.0,555.0,0.7896792888641357,0.7627325057983398,0.0118181705474853,0.0640084147453308,198735.0,14.0,0.1909909844398498,0.9819687604904176,0.9642959833145142,0.9639116525650024,0.963980197906494,0.9824508428573608,0.9881818294525146,0.9934102296829224,7598.0,680.0,6204.0,6482.0,0.9966385960578918,0.996575653553009,0.8285314440727234,0.9057971239089966,0.8125581741333008,0.8110596537590027,0.8113552331924438,0.9106967449188232,0.9359915852546692,0.9797688126564026,1017.0,351.0,837.0,790.0,0.9664024114608764,0.965768814086914,0.0166791677474975,0.2707182168960571,198960.0
